,0
0,http://goodreads.com/book/show/3869.A_Brief_History_of_Time
1,http://goodreads.com/book/show/21.A_Short_History_of_Nearly_Everything
2,http://goodreads.com/book/show/61535.The_Selfish_Gene
3,http://goodreads.com/book/show/23692271-sapiens
4,http://goodreads.com/book/show/55030.Cosmos
5,http://goodreads.com/book/show/63697.The_Man_Who_Mistook_His_Wife_for_a_Hat_and_Other_Clinical_Tales
6,http://goodreads.com/book/show/21413662-what-if-serious-scientific-answers-to-absurd-hypothetical-questions
7,http://goodreads.com/book/show/1842.Guns_Germs_and_Steel
8,http://goodreads.com/book/show/8049273-the-elegant-universe
9,http://goodreads.com/book/show/3272165-bad-science
10,http://goodreads.com/book/show/11468377-thinking-fast-and-slow
11,http://goodreads.com/book/show/35167685-surely-you-re-joking-mr-feynman
12,http://goodreads.com/book/show/6117055-the-greatest-show-on-earth
13,http://goodreads.com/book/show/14743.The_God_Delusion
14,http://goodreads.com/book/show/8520362-the-grand-design
15,http://goodreads.com/book/show/17349.The_Demon_Haunted_World
16,http://goodreads.com/book/show/31138556-homo-deus
17,http://goodreads.com/book/show/64582.Chaos
18,http://goodreads.com/book/show/1202.Freakonomics
19,http://goodreads.com/book/show/32191710-astrophysics-for-people-in-a-hurry
20,http://goodreads.com/book/show/117047.The_Blind_Watchmaker
21,http://goodreads.com/book/show/6493208-the-immortal-life-of-henrietta-lacks
22,http://goodreads.com/book/show/22435.The_Fabric_of_the_Cosmos
23,http://goodreads.com/book/show/7170627-the-emperor-of-all-maladies
24,http://goodreads.com/book/show/1168341.Physics_of_the_Impossible
25,http://goodreads.com/book/show/38412.Fermat_s_Enigma
26,http://goodreads.com/book/show/24113.G_del_Escher_Bach
27,http://goodreads.com/book/show/32145.Stiff
28,http://goodreads.com/book/show/17994.The_Code_Book
29,http://goodreads.com/book/show/27276428-the-gene
30,http://goodreads.com/book/show/40102.Blink
31,http://goodreads.com/book/show/34466963-why-we-sleep
32,http://goodreads.com/book/show/17977.The_Ancestor_s_Tale
33,http://goodreads.com/book/show/22463.The_Origin_of_Species
34,http://goodreads.com/book/show/2612.The_Tipping_Point
35,http://goodreads.com/book/show/7247854-the-disappearing-spoon
36,http://goodreads.com/book/show/3228917-outliers
37,http://goodreads.com/book/show/4591.Genome
38,http://goodreads.com/book/show/2095.The_Universe_in_a_Nutshell
39,http://goodreads.com/book/show/5553.Six_Easy_Pieces
40,http://goodreads.com/book/show/5981308-bonk
41,http://goodreads.com/book/show/11337189-a-universe-from-nothing
42,http://goodreads.com/book/show/40277241-brief-answers-to-the-big-questions
43,http://goodreads.com/book/show/20663770-death-by-black-hole
44,http://goodreads.com/book/show/11256979-the-magic-of-reality
45,http://goodreads.com/book/show/27213168-i-contain-multitudes
46,http://goodreads.com/book/show/17910054-the-sixth-extinction
47,http://goodreads.com/book/show/1713426.Predictably_Irrational
48,http://goodreads.com/book/show/2094.A_Briefer_History_of_Time
49,http://goodreads.com/book/show/835623.How_the_Mind_Works
50,http://goodreads.com/book/show/61663.Pale_Blue_Dot
51,http://goodreads.com/book/show/5552.QED
52,http://goodreads.com/book/show/9542311-packing-for-mars
53,http://goodreads.com/book/show/1662160.Your_Inner_Fish
54,http://goodreads.com/book/show/131304.Big_Bang
55,http://goodreads.com/book/show/25734172-seven-brief-lessons-on-physics
56,http://goodreads.com/book/show/8701960-the-information
57,http://goodreads.com/book/show/34890015-factfulness
58,http://goodreads.com/book/show/38820046-21-lessons-for-the-21st-century
59,http://goodreads.com/book/show/5755.The_Language_Instinct
60,http://goodreads.com/book/show/513367.In_Search_of_Schr_dinger_s_Cat
61,http://goodreads.com/book/show/33418.Parallel_Worlds
62,http://goodreads.com/book/show/248787.The_World_Without_Us
63,http://goodreads.com/book/show/8167094-the-hidden-reality
64,http://goodreads.com/book/show/475.Collapse
65,http://goodreads.com/book/show/18377999-gulp
66,http://goodreads.com/book/show/31487.Unweaving_the_Rainbow
67,http://goodreads.com/book/show/8520610-quiet
68,http://goodreads.com/book/show/8492907-physics-of-the-future
69,http://goodreads.com/book/show/6448772-quantum
70,http://goodreads.com/book/show/43582376-the-body
71,http://goodreads.com/book/show/242472.The_Black_Swan
72,http://goodreads.com/book/show/179744.The_Emperor_s_New_Mind
73,http://goodreads.com/book/show/5752.The_Blank_Slate
74,http://goodreads.com/book/show/33426.Hyperspace
75,http://goodreads.com/book/show/49234.The_Third_Chimpanzee
76,http://goodreads.com/book/show/16176.The_Red_Queen
77,http://goodreads.com/book/show/4806.Longitude
78,http://goodreads.com/book/show/35167718-what-do-you-care-what-other-people-think
79,http://goodreads.com/book/show/13588394-the-signal-and-the-noise
80,http://goodreads.com/book/show/15795155-bad-pharma
81,http://goodreads.com/book/show/30231743-are-we-smart-enough-to-know-how-smart-animals-are
82,http://goodreads.com/book/show/28256439-the-hidden-life-of-trees
83,http://goodreads.com/book/show/23013953-gut
84,http://goodreads.com/book/show/19395553-our-mathematical-universe
85,http://goodreads.com/book/show/5958783-why-does-e-mc
86,http://goodreads.com/book/show/9827912-incognito
87,http://goodreads.com/book/show/4005310-why-evolution-is-true
88,http://goodreads.com/book/show/2272880.The_Drunkard_s_Walk
89,http://goodreads.com/book/show/32276.Dragons_of_Eden
90,http://goodreads.com/book/show/126061.The_Double_Helix
91,http://goodreads.com/book/show/31555.Phantoms_in_the_Brain
92,http://goodreads.com/book/show/108939.The_Trouble_with_Physics
93,http://goodreads.com/book/show/25666050-algorithms-to-live-by
94,http://goodreads.com/book/show/20527133-superintelligence
95,http://goodreads.com/book/show/291920.The_Character_of_Physical_Law
96,http://goodreads.com/book/show/36442813-the-order-of-time
97,http://goodreads.com/book/show/28116739-other-minds
98,http://goodreads.com/book/show/8574712-the-tell-tale-brain
99,http://goodreads.com/book/show/26150770-the-big-picture
100,http://goodreads.com/author/show/1375485.Bill_Schutt
101,http://goodreads.com/author/show/767633.Neil_Shubin
102,http://goodreads.com/book/show/18693884-how-not-to-be-wrong
103,http://goodreads.com/book/show/13543093-the-better-angels-of-our-nature
104,http://goodreads.com/book/show/32275.River_Out_of_Eden
105,http://goodreads.com/book/show/15852.Relativity
106,http://goodreads.com/book/show/2018682.13_Things_That_Don_t_Make_Sense
107,http://goodreads.com/book/show/433567.Flatland
108,http://goodreads.com/book/show/35820369-the-rise-and-fall-of-the-dinosaurs
109,http://goodreads.com/book/show/162780.What_Is_Life_with_Mind_and_Matter_and_Autobiographical_Sketches
110,http://goodreads.com/book/show/12609433-the-power-of-habit
111,http://goodreads.com/book/show/1297985.Musicophilia
112,http://goodreads.com/book/show/61538.The_Extended_Phenotype
113,http://goodreads.com/book/show/6346975-moonwalking-with-einstein
114,http://goodreads.com/book/show/18222843-stuff-matters
115,http://goodreads.com/book/show/6779.Six_Not_So_Easy_Pieces
116,http://goodreads.com/book/show/1449994.Elephants_on_Acid
117,http://goodreads.com/book/show/373969.The_Stuff_of_Thought
118,http://goodreads.com/book/show/141565.This_Is_Your_Brain_on_Music
119,http://goodreads.com/book/show/26530386-the-vital-question
120,http://goodreads.com/book/show/233674.The_Science_of_Discworld
121,http://goodreads.com/book/show/17978489-the-future-of-the-mind
122,http://goodreads.com/book/show/10638.The_Road_to_Reality
123,http://goodreads.com/book/show/34272565-life-3-0
124,http://goodreads.com/book/show/31170723-behave
125,http://goodreads.com/book/show/6429264-life-ascending
126,http://goodreads.com/book/show/10260.The_Pleasure_of_Finding_Things_Out
127,http://goodreads.com/book/show/16213.The_Hot_Zone
128,http://goodreads.com/book/show/150131.The_First_Three_Minutes
129,http://goodreads.com/book/show/53200.Black_Holes_and_Baby_Universes_and_Other_Essays
130,http://goodreads.com/book/show/13330771-hallucinations
131,http://goodreads.com/book/show/12672387-the-quantum-universe
132,http://goodreads.com/book/show/17287021-the-simpsons-and-their-mathematical-secrets
133,http://goodreads.com/book/show/12414734-the-epigenetics-revolution
134,http://goodreads.com/book/show/13521382-the-violinist-s-thumb
135,http://goodreads.com/book/show/61665.Billions_Billions
136,http://goodreads.com/book/show/29767627-reality-is-not-what-it-seems
137,http://goodreads.com/book/show/31625636-we-have-no-idea
138,http://goodreads.com/book/show/30135182-a-brief-history-of-everyone-who-ever-lived
139,http://goodreads.com/book/show/248764.Climbing_Mount_Improbable
140,http://goodreads.com/book/show/10294187-periodic-tales
141,http://goodreads.com/book/show/38315.Fooled_by_Randomness
142,http://goodreads.com/book/show/61539.The_Structure_of_Scientific_Revolutions
143,http://goodreads.com/book/show/2330343.Quantum_Theory_Cannot_Hurt_You
144,http://goodreads.com/book/show/83518.The_Singularity_is_Near
145,http://goodreads.com/book/show/36086.The_Ghost_Map
146,http://goodreads.com/book/show/2068.Darwin_s_Dangerous_Idea
147,http://goodreads.com/book/show/25776132-the-brain
148,http://goodreads.com/book/show/33297.The_Naked_Ape
149,http://goodreads.com/book/show/6402364-superfreakonomics
150,http://goodreads.com/book/show/222637.The_Seven_Daughters_of_Eve
151,http://goodreads.com/book/show/64666.An_Anthropologist_on_Mars
152,http://goodreads.com/author/show/191995.Derek_Thompson
153,http://goodreads.com/book/show/14990.Spook
154,http://goodreads.com/book/show/36475.Wonderful_Life
155,http://goodreads.com/book/show/98685.Genius
156,http://goodreads.com/book/show/41104077-invisible-women
157,http://goodreads.com/book/show/449573.The_Theory_of_Everything
158,http://goodreads.com/book/show/12391521-the-psychopath-test
159,http://goodreads.com/book/show/2802.E_mc_
160,http://goodreads.com/book/show/327.Why_Zebras_Don_t_Get_Ulcers
161,http://goodreads.com/book/show/41021145-the-botany-of-desire
162,http://goodreads.com/book/show/17375.The_Meaning_of_It_All
163,http://goodreads.com/book/show/35696171-enlightenment-now
164,http://goodreads.com/book/show/7901962-here-s-looking-at-euclid
165,http://goodreads.com/book/show/3450744-nudge
166,http://goodreads.com/book/show/27333.Silent_Spring
167,http://goodreads.com/book/show/485812.Broca_s_Brain
168,http://goodreads.com/book/show/54218.The_Mismeasure_of_Man
169,http://goodreads.com/book/show/10840041-a-planet-of-viruses
170,http://goodreads.com/book/show/22892322-the-universe-in-your-hand
171,http://goodreads.com/book/show/32191737-grunt
172,http://goodreads.com/book/show/25329850-thing-explainer
173,http://goodreads.com/book/show/20663771-origins
174,http://goodreads.com/book/show/52670.One_Two_Three_Infinity
175,http://goodreads.com/book/show/51291.How_to_Lie_with_Statistics
176,http://goodreads.com/book/show/4371507-the-age-of-wonder
177,http://goodreads.com/book/show/6516450-what-the-dog-saw-and-other-adventures
178,http://goodreads.com/book/show/472609.Critical_Mass
179,http://goodreads.com/book/show/17362.Black_Holes_Time_Warps
180,http://goodreads.com/book/show/3109.The_Omnivore_s_Dilemma
181,http://goodreads.com/book/show/8243716-how-to-teach-quantum-physics-to-your-dog
182,http://goodreads.com/book/show/31670196-scale
183,http://goodreads.com/book/show/18170143-an-astronaut-s-guide-to-life-on-earth
184,http://goodreads.com/book/show/17986418-naked-statistics
185,http://goodreads.com/book/show/10483171-the-beginning-of-infinity
186,http://goodreads.com/book/show/2161966.The_Black_Hole_War
187,http://goodreads.com/book/show/2348645.Trick_or_Treatment
188,http://goodreads.com/book/show/43852758-how-to
189,http://goodreads.com/book/show/36407347-the-future-of-humanity
190,http://goodreads.com/book/show/9566672-wij-zijn-ons-brein
191,http://goodreads.com/book/show/32191721-idiot-brain
192,http://goodreads.com/book/show/18774002-the-tale-of-the-dueling-neurosurgeons
193,http://goodreads.com/book/show/23132200-i-think-you-ll-find-it-s-a-bit-more-complicated-than-that
194,http://goodreads.com/book/show/8849505-paranormality
195,http://goodreads.com/book/show/8031168-delusions-of-gender
196,http://goodreads.com/book/show/64225.The_Globe
197,http://goodreads.com/book/show/6371455-from-eternity-to-here
198,http://goodreads.com/book/show/81884.Just_Six_Numbers
199,http://goodreads.com/book/show/570172.The_Brain_that_Changes_Itself
200,http://goodreads.com/book/show/125286.The_Beak_of_the_Finch
201,http://goodreads.com/book/show/41552709-the-uninhabitable-earth
202,http://goodreads.com/book/show/43726517-hello-world
203,http://goodreads.com/author/show/19435939.Brian_Deer
204,http://goodreads.com/author/show/191995.Derek_Thompson
205,http://goodreads.com/book/show/36391536-she-has-her-mother-s-laugh
206,http://goodreads.com/book/show/28512671-everybody-lies
207,http://goodreads.com/book/show/23214337-forensics
208,http://goodreads.com/book/show/61536.A_Devil_s_Chaplain
209,http://goodreads.com/book/show/17573681-spillover
210,http://goodreads.com/book/show/218392.Prime_Obsession
211,http://goodreads.com/book/show/34515.Darwin_s_Watch
212,http://goodreads.com/book/show/150129.Dreams_of_a_Final_Theory
213,http://goodreads.com/book/show/36613747-how-to-change-your-mind
214,http://goodreads.com/book/show/25733983-lab-girl
215,http://goodreads.com/book/show/21853626-undeniable
216,http://goodreads.com/book/show/24040194-life-on-the-edge
217,http://goodreads.com/book/show/20696006-being-mortal
218,http://goodreads.com/book/show/23261448-the-science-of-interstellar
219,http://goodreads.com/book/show/13356649-the-joy-of-x
220,http://goodreads.com/book/show/15766601-the-world-until-yesterday
221,http://goodreads.com/book/show/13531540-paradox
222,http://goodreads.com/book/show/39001.Power_Sex_Suicide
223,http://goodreads.com/book/show/141624.Napoleon_s_Buttons
224,http://goodreads.com/book/show/7785194-the-moral-landscape
225,http://goodreads.com/book/show/7963278-how-i-killed-pluto-and-why-it-had-it-coming
226,http://goodreads.com/book/show/7640261-sex-at-dawn
227,http://goodreads.com/book/show/6667514-the-checklist-manifesto
228,http://goodreads.com/book/show/8229029-the-4-universe
229,http://goodreads.com/book/show/815394.Parasite_Rex
230,http://goodreads.com/book/show/354421.Sync
231,http://goodreads.com/book/show/561436.Why_Don_t_Penguins_Feet_Freeze_
232,http://goodreads.com/book/show/10238.The_Tao_of_Physics
233,http://goodreads.com/book/show/181885.Evolution
234,http://goodreads.com/book/show/329336.Zero
235,http://goodreads.com/book/show/2104.The_Physics_of_Star_Trek
236,http://goodreads.com/book/show/43848929-talking-to-strangers
237,http://goodreads.com/book/show/80035.Nature_Via_Nurture
238,http://goodreads.com/book/show/15751404-david-and-goliath
239,http://goodreads.com/book/show/13587145-the-theoretical-minimum
240,http://goodreads.com/book/show/15744013-the-particle-at-the-end-of-the-universe
241,http://goodreads.com/book/show/11324722-the-righteous-mind
242,http://goodreads.com/book/show/7054123-the-poisoner-s-handbook
243,http://goodreads.com/book/show/2069.Consciousness_Explained
244,http://goodreads.com/book/show/56627.Stumbling_on_Happiness
245,http://goodreads.com/book/show/714583.The_Man_Who_Loved_Only_Numbers
246,http://goodreads.com/book/show/39074550-humble-pi
247,http://goodreads.com/book/show/35631386-the-undoing-project
248,http://goodreads.com/book/show/28186015-weapons-of-math-destruction
249,http://goodreads.com/book/show/23995249-the-invention-of-nature
250,http://goodreads.com/book/show/22609485-the-soul-of-an-octopus
251,http://goodreads.com/book/show/9778945-the-shallows
252,http://goodreads.com/book/show/13589153-how-to-create-a-mind
253,http://goodreads.com/book/show/11709037-you-are-not-so-smart
254,http://goodreads.com/book/show/8696.Last_Chance_to_See
255,http://goodreads.com/author/show/19435939.Brian_Deer
256,http://goodreads.com/author/show/12855.Neil_deGrasse_Tyson
257,http://goodreads.com/book/show/6452796-drive
258,http://goodreads.com/book/show/7937653-the-mind-s-eye
259,http://goodreads.com/book/show/978957.Quirkology
260,http://goodreads.com/book/show/2296.Emergence
261,http://goodreads.com/book/show/55981.Consilience
262,http://goodreads.com/book/show/33933.The_Panda_s_Thumb
263,http://goodreads.com/book/show/1991.Why_Is_Sex_Fun_The_Evolution_of_Human_Sexuality
264,http://goodreads.com/book/show/89281.Why_People_Believe_Weird_Things
265,http://goodreads.com/book/show/7947434-cycles-of-time
266,http://goodreads.com/book/show/30753821-the-greatest-story-ever-told-so-far
267,http://goodreads.com/book/show/25938481-the-genius-of-birds
268,http://goodreads.com/book/show/22514020-neurotribes
269,http://goodreads.com/book/show/20765842
270,http://goodreads.com/book/show/13530973-antifragile
271,http://goodreads.com/book/show/13237758-in-pursuit-of-the-unknown
272,http://goodreads.com/book/show/15816556-time-reborn
273,http://goodreads.com/book/show/7783191-the-invisible-gorilla
274,http://goodreads.com/book/show/6629359-the-strangest-man
275,http://goodreads.com/book/show/9754534-the-believing-brain
276,http://goodreads.com/book/show/6279924-antimatter
277,http://goodreads.com/book/show/208916.The_Music_of_the_Primes
278,http://goodreads.com/book/show/6493321-logicomix
279,http://goodreads.com/book/show/2324327.The_Oxford_Book_of_Modern_Science_Writing
280,http://goodreads.com/book/show/14456.Awakenings
281,http://goodreads.com/book/show/18646.Galileo_s_Daughter
282,http://goodreads.com/book/show/5546.The_Feynman_Lectures_on_Physics
283,http://goodreads.com/book/show/177068.The_Fabric_of_Reality
284,http://goodreads.com/book/show/213233.Better
285,http://goodreads.com/book/show/4477.Complications
286,http://goodreads.com/book/show/116599.The_Planets
287,http://goodreads.com/book/show/36204378-the-book-of-why
288,http://goodreads.com/book/show/154293.Linked
289,http://goodreads.com/book/show/34490192-soonish
290,http://goodreads.com/book/show/27209431-the-inevitable
291,http://goodreads.com/book/show/21083719-human-universe
292,http://goodreads.com/book/show/13426114-the-honest-truth-about-dishonesty
293,http://goodreads.com/book/show/461104.The_Ascent_of_Man
294,http://goodreads.com/book/show/262579.The_Unfolding_of_Language
295,http://goodreads.com/book/show/6106482-wicked-plants
296,http://goodreads.com/book/show/10672848-the-theory-that-would-not-die
297,http://goodreads.com/book/show/7776209-the-rational-optimist
298,http://goodreads.com/book/show/23518.Bad_Astronomy
299,http://goodreads.com/book/show/6289283-born-to-run
300,http://goodreads.com/book/show/6061491-professor-stewart-s-cabinet-of-mathematical-curiosities
301,http://goodreads.com/book/show/123471.I_Am_a_Strange_Loop
302,http://goodreads.com/book/show/17263.Mr_Tompkins_in_Paperback
303,http://goodreads.com/book/show/40941.The_Scientists
304,http://goodreads.com/book/show/25014.The_Map_That_Changed_the_World
305,http://goodreads.com/book/show/2251306.Brain_Rules
306,http://goodreads.com/book/show/274230.Gaia
307,http://goodreads.com/author/show/7956.Mary_Roach
308,http://goodreads.com/author/show/60033.Ant_nio_R_Dam_sio
309,http://goodreads.com/book/show/546725.The_Song_of_the_Dodo
310,http://goodreads.com/book/show/20663769-the-pluto-files
311,http://goodreads.com/book/show/32289.A_Primate_s_Memoir
312,http://goodreads.com/book/show/10884.Einstein
313,http://goodreads.com/book/show/503051.The_Diversity_of_Life
314,http://goodreads.com/book/show/43723901-lifespan
315,http://goodreads.com/book/show/35721140-liquid-rules
316,http://goodreads.com/book/show/25899336-when-breath-becomes-air
317,http://goodreads.com/book/show/35187175-storm-in-a-teacup
318,http://goodreads.com/book/show/26530355-misbehaving
319,http://goodreads.com/book/show/24805680-dark-matter-and-the-dinosaurs
320,http://goodreads.com/book/show/22328555-to-explain-the-world
321,http://goodreads.com/book/show/17290683-love-and-math
322,http://goodreads.com/book/show/13641957-the-universe-within
323,http://goodreads.com/book/show/100034.Quantum
324,http://goodreads.com/book/show/8444621-through-the-language-glass
325,http://goodreads.com/book/show/116185.Journey_through_Genius
326,http://goodreads.com/book/show/12625589-turing-s-cathedral
327,http://goodreads.com/book/show/7799004-merchants-of-doubt
328,http://goodreads.com/book/show/7125991-seeing-further
329,http://goodreads.com/book/show/1097.Fast_Food_Nation
330,http://goodreads.com/book/show/3860977-how-we-decide
331,http://goodreads.com/book/show/445129.Does_God_Play_Dice_
332,http://goodreads.com/book/show/27539.On_Intelligence
333,http://goodreads.com/book/show/66354.Flow
334,http://goodreads.com/book/show/68013.Warped_Passages
335,http://goodreads.com/book/show/373571.Life
336,http://goodreads.com/book/show/2141233.The_Illustrated_A_Brief_History_of_Time_The_Universe_in_a_Nutshell
337,http://goodreads.com/book/show/91842.Dr_Tatiana_s_Sex_Advice_to_All_Creation
338,http://goodreads.com/book/show/2715.Salt
339,http://goodreads.com/book/show/33928.Full_House
340,http://goodreads.com/book/show/602988.What_Evolution_Is
341,http://goodreads.com/book/show/24081.The_Golden_Ratio
342,http://goodreads.com/book/show/132695.Three_Roads_To_Quantum_Gravity
343,http://goodreads.com/book/show/40858227-humans
344,http://goodreads.com/book/show/35270717-unthinkable
345,http://goodreads.com/book/show/31869108-inferior
346,http://goodreads.com/book/show/28815.Influence
347,http://goodreads.com/book/show/30009088-welcome-to-the-universe
348,http://goodreads.com/book/show/27430326-black-hole-blues-and-other-songs-from-outer-space
349,http://goodreads.com/book/show/26312997-peak
350,http://goodreads.com/book/show/23995360-superforecasting
351,http://goodreads.com/book/show/21086818-do-no-harm
352,http://goodreads.com/book/show/22609341-come-as-you-are
353,http://goodreads.com/book/show/19288640-how-we-learn
354,http://goodreads.com/book/show/18759201-nothing
355,http://goodreads.com/book/show/16171221-the-sports-gene
356,http://goodreads.com/book/show/17166232-creation
357,http://goodreads.com/book/show/15802325-brilliant-blunders
358,http://goodreads.com/book/show/16127190-judgement-day
359,http://goodreads.com/author/show/191995.Derek_Thompson
360,http://goodreads.com/author/show/12855.Neil_deGrasse_Tyson
361,http://goodreads.com/book/show/7507825-at-home
362,http://goodreads.com/book/show/106350.The_Lady_Tasting_Tea
363,http://goodreads.com/book/show/27486.The_Mating_Mind
364,http://goodreads.com/book/show/100006.Schr_dinger_s_Kittens_and_the_Search_for_Reality
365,http://goodreads.com/book/show/183015.Uncle_Petros_and_Goldbach_s_Conjecture
366,http://goodreads.com/book/show/239796.Coming_of_Age_in_the_Milky_Way
367,http://goodreads.com/book/show/391966.Darwin_s_Ghost
368,http://goodreads.com/book/show/148614.Why_Beauty_Is_Truth
369,http://goodreads.com/book/show/373562.Trilobite
370,http://goodreads.com/book/show/39096.Endless_Forms_Most_Beautiful
371,http://goodreads.com/book/show/587906.Deep_Simplicity
372,http://goodreads.com/book/show/52672113-will-my-cat-eat-my-eyeballs
373,http://goodreads.com/book/show/44065062-something-deeply-hidden
374,http://goodreads.com/book/show/41795733-range
375,http://goodreads.com/book/show/36606264-human-errors
376,http://goodreads.com/book/show/33146881-pandora-s-lab
377,http://goodreads.com/book/show/35167699-from-bacteria-to-bach-and-back
378,http://goodreads.com/book/show/25953369-hidden-figures
379,http://goodreads.com/book/show/26702296-the-science-of-everyday-life
380,http://goodreads.com/book/show/28644879--
381,http://goodreads.com/book/show/25246544-adventures-in-human-being
382,http://goodreads.com/book/show/17736859-the-story-of-the-human-body
383,http://goodreads.com/book/show/17675119-neurocomic
384,http://goodreads.com/book/show/22843384-the-incredible-unlikeliness-of-being
385,http://goodreads.com/book/show/3864977-death-from-the-skies
386,http://goodreads.com/book/show/66723.Seeing_Voices
387,http://goodreads.com/book/show/16234587-letters-to-a-young-scientist
388,http://goodreads.com/book/show/22471.The_Origins_of_Virtue
389,http://goodreads.com/book/show/61550.The_Logic_of_Scientific_Discovery
390,http://goodreads.com/book/show/427282.The_Periodic_Table
391,http://goodreads.com/book/show/7841672-for-the-love-of-physics
392,http://goodreads.com/book/show/20668.The_Trouble_with_Testosterone_and_Other_Essays_on_the_Biology_of_the_Human_Predicament
393,http://goodreads.com/book/show/12918295-the-social-conquest-of-earth
394,http://goodreads.com/book/show/5597902-complexity
395,http://goodreads.com/book/show/15251.Death_s_Acre
396,http://goodreads.com/book/show/4623.Does_Anything_Eat_Wasps_
397,http://goodreads.com/book/show/119837.Survival_of_the_Sickest
398,http://goodreads.com/book/show/359194.The_Lucifer_Effect
399,http://goodreads.com/book/show/11297438-knocking-on-heaven-s-door
400,http://goodreads.com/book/show/7815744-the-upside-of-irrationality
401,http://goodreads.com/book/show/61661.The_Varieties_of_Scientific_Experience
402,http://goodreads.com/book/show/7017083-we-need-to-talk-about-kelvin
403,http://goodreads.com/book/show/681941.The_Moral_Animal
404,http://goodreads.com/book/show/64794.Dancing_Wu_Li_Masters
405,http://goodreads.com/book/show/46722.The_Coming_Plague
406,http://goodreads.com/book/show/270881.The_Quark_and_the_Jaguar
407,http://goodreads.com/book/show/227477.Six_Degrees
408,http://goodreads.com/book/show/289751.Proust_and_the_Squid
409,http://goodreads.com/book/show/174372.The_Cloudspotter_s_Guide
410,http://goodreads.com/book/show/584620.What_Is_Mathematics_
411,http://goodreads.com/author/show/12855.Neil_deGrasse_Tyson
412,http://goodreads.com/author/show/12627.Laurie_Garrett
413,http://goodreads.com/book/show/38242135-ai-superpowers
414,http://goodreads.com/book/show/35604796-what-is-real
415,http://goodreads.com/book/show/36341728-lost-in-math
416,http://goodreads.com/book/show/32940866-caesar-s-last-breath
417,http://goodreads.com/book/show/30971755-a-crack-in-creation
418,http://goodreads.com/book/show/30199426-get-well-soon
419,http://goodreads.com/book/show/35187176-testosterone-rex
420,http://goodreads.com/book/show/18210750-quantum-mechanics
421,http://goodreads.com/book/show/27313221-what-we-cannot-know
422,http://goodreads.com/book/show/28504537-a-field-guide-to-lies
423,http://goodreads.com/book/show/28587584-time-travel
424,http://goodreads.com/book/show/28789699-now
425,http://goodreads.com/book/show/18693655-a-mind-for-numbers
426,http://goodreads.com/book/show/25238350-the-hunt-for-vulcan
427,http://goodreads.com/book/show/18079692-consciousness-and-the-brain
428,http://goodreads.com/book/show/17674969-life-at-the-speed-of-light
429,http://goodreads.com/book/show/17924018-an-appetite-for-wonder
430,http://goodreads.com/book/show/13403051-rabid
431,http://goodreads.com/book/show/10639.The_Paradox_of_Choice
432,http://goodreads.com/book/show/4487598-the-bonobo-and-the-atheist
433,http://goodreads.com/book/show/1244856.Symmetry
434,http://goodreads.com/book/show/319006.At_Home_in_the_Universe
435,http://goodreads.com/book/show/6678064-elements
436,http://goodreads.com/book/show/1044031.The_Emerald_Planet
437,http://goodreads.com/book/show/13187824-abundance
438,http://goodreads.com/book/show/9449985-the-clockwork-universe
439,http://goodreads.com/book/show/29036.The_Great_Influenza
440,http://goodreads.com/book/show/5292423-do-polar-bears-get-lonely
441,http://goodreads.com/book/show/233873.The_Equation_That_Couldn_t_Be_Solved
442,http://goodreads.com/book/show/10414930-wonders-of-the-universe
443,http://goodreads.com/book/show/1244246.The_Magic_Furnace
444,http://goodreads.com/book/show/8682008-massive
445,http://goodreads.com/book/show/410632.The_Book_of_General_Ignorance
446,http://goodreads.com/book/show/721609.Spark
447,http://goodreads.com/book/show/6340948-59-seconds
448,http://goodreads.com/book/show/103867.Descartes_Error
449,http://goodreads.com/book/show/337123.Complexity
450,http://goodreads.com/book/show/60884.The_Canon
451,http://goodreads.com/book/show/41015217-proust-was-a-neuroscientist
452,http://goodreads.com/book/show/257106.Our_Inner_Ape
453,http://goodreads.com/book/show/39093.The_Making_of_the_Fittest
454,http://goodreads.com/book/show/581365.Making_Up_the_Mind
455,http://goodreads.com/book/show/54209.Ever_Since_Darwin
456,http://goodreads.com/book/show/32351.Mutants
457,http://goodreads.com/book/show/4075.In_Search_of_Memory
458,http://goodreads.com/book/show/616208.Euclid_s_Window
459,http://goodreads.com/book/show/29506.Prisoner_s_Dilemma
460,http://goodreads.com/book/show/817511.The_Goldilocks_Enigma
461,http://goodreads.com/book/show/42042093-superior
462,http://goodreads.com/book/show/40554115-the-gendered-brain
463,http://goodreads.com/author/show/12855.Neil_deGrasse_Tyson
464,http://goodreads.com/author/show/19435939.Brian_Deer
465,http://goodreads.com/book/show/39026990-how-to-invent-everything
466,http://goodreads.com/book/show/39204074-timefulness
467,http://goodreads.com/book/show/36064445-skin-in-the-game
468,http://goodreads.com/book/show/35749414-who-we-are-and-how-we-got-here
469,http://goodreads.com/book/show/198505.The_Demon_in_the_Freezer
470,http://goodreads.com/book/show/29537175-black-holes
471,http://goodreads.com/book/show/6695182-the-laws-of-thermodynamics
472,http://goodreads.com/book/show/23719305-how-emotions-are-made
473,http://goodreads.com/book/show/40745.Mindset
474,http://goodreads.com/book/show/33192011-science-in-the-soul
475,http://goodreads.com/book/show/31409135-the-radium-girls
476,http://goodreads.com/book/show/29776942-universal
477,http://goodreads.com/book/show/30901608-hit-makers
478,http://goodreads.com/book/show/28110850-cannibalism
479,http://goodreads.com/book/show/30555486-to-be-a-machine
480,http://goodreads.com/book/show/26114430-what-a-fish-knows
481,http://goodreads.com/book/show/24612233-the-master-algorithm
482,http://goodreads.com/book/show/23008136-things-to-make-and-do-in-the-fourth-dimension
483,http://goodreads.com/book/show/20613511-on-immunity
484,http://goodreads.com/book/show/20821275-arrival-of-the-fittest
485,http://goodreads.com/book/show/21913812-this-changes-everything
486,http://goodreads.com/book/show/840.The_Design_of_Everyday_Things
487,http://goodreads.com/book/show/18222694-proof
488,http://goodreads.com/book/show/18114087-the-knowledge
489,http://goodreads.com/book/show/17331349-think-like-a-freak
490,http://goodreads.com/book/show/867462.The_Evolution_of_Physics
491,http://goodreads.com/book/show/16255226-farewell-to-reality
492,http://goodreads.com/book/show/59028.The_Journey_of_Man
493,http://goodreads.com/book/show/66720.Migraine
494,http://goodreads.com/book/show/17846866-what-a-wonderful-world
495,http://goodreads.com/book/show/13058637-subliminal
496,http://goodreads.com/book/show/4069.Man_s_Search_for_Meaning
497,http://goodreads.com/book/show/64664.Uncle_Tungsten
498,http://goodreads.com/book/show/13630458-the-geek-manifesto
499,http://goodreads.com/book/show/14868863-animal-wise
500,http://goodreads.com/book/show/8602363-neutrino
501,http://goodreads.com/book/show/771550.The_Cosmic_Landscape
502,http://goodreads.com/book/show/497195.Ideas_and_Opinions
503,http://goodreads.com/book/show/44882.Code
504,http://goodreads.com/book/show/33937.The_Richness_of_Life
505,http://goodreads.com/book/show/328262.Beyond_Einstein
506,http://goodreads.com/book/show/3368768-the-great-equations
507,http://goodreads.com/book/show/13035774-this-will-make-you-smarter
508,http://goodreads.com/book/show/13036199-tubes
509,http://goodreads.com/book/show/11797471-the-idea-factory
510,http://goodreads.com/book/show/319016.The_Poincar_Conjecture
511,http://goodreads.com/book/show/12469169-how-to-teach-relativity-to-your-dog
512,http://goodreads.com/book/show/13965.King_Solomon_s_Ring
513,http://goodreads.com/book/show/11129776-the-viral-storm
514,http://goodreads.com/book/show/2776527-traffic
515,http://goodreads.com/author/show/767633.Neil_Shubin
516,http://goodreads.com/author/show/191995.Derek_Thompson
517,http://goodreads.com/book/show/8884400-the-most-human-human
518,http://goodreads.com/book/show/172004.Entanglement
519,http://goodreads.com/book/show/68219.Galileo_s_Finger
520,http://goodreads.com/book/show/151691.Cosmic_Connection
521,http://goodreads.com/book/show/9845802-wicked-bugs
522,http://goodreads.com/book/show/16884.The_Making_of_the_Atomic_Bomb
523,http://goodreads.com/book/show/5550.Perfectly_Reasonable_Deviations_from_the_Beaten_Track
524,http://goodreads.com/book/show/186749.Innumeracy
525,http://goodreads.com/book/show/187100.Shadows_of_the_Mind
526,http://goodreads.com/book/show/69242.Made_to_Stick
527,http://goodreads.com/book/show/31554.A_Brief_Tour_of_Human_Consciousness
528,http://goodreads.com/book/show/33935.Bully_for_Brontosaurus
529,http://goodreads.com/book/show/447408.Y
530,http://goodreads.com/book/show/32264.The_Family_that_Couldn_t_Sleep
531,http://goodreads.com/book/show/6332526-inside-of-a-dog
532,http://goodreads.com/book/show/32610.On_the_Shoulders_of_Giants
533,http://goodreads.com/book/show/110995.Before_the_Dawn
534,http://goodreads.com/book/show/54220.Rocks_of_Ages
535,http://goodreads.com/book/show/154060.A_Mathematician_s_Apology
536,http://goodreads.com/book/show/540346.DNA
537,http://goodreads.com/book/show/254502.The_Meme_Machine
538,http://goodreads.com/book/show/288448.Watching_the_English
539,http://goodreads.com/book/show/7366.Animals_in_Translation
540,http://goodreads.com/book/show/2553092.Dry_Store_Room_No_1
541,http://goodreads.com/book/show/43369.God_Is_Not_Great
542,http://goodreads.com/book/show/261830.The_God_Particle
543,http://goodreads.com/book/show/2074.Kinds_of_Minds
544,http://goodreads.com/book/show/254497.Consciousness
545,http://goodreads.com/book/show/51477728-statystycznie-rzecz-bior-c-czyli-ile-trzeba-zje-czekolady-eby-dosta
546,http://goodreads.com/book/show/30547646-why-time-flies
547,http://goodreads.com/book/show/40121378-atomic-habits
548,http://goodreads.com/book/show/39088590-gene-machine
549,http://goodreads.com/book/show/36373639-the-tangled-tree
550,http://goodreads.com/book/show/23316526-the-second-machine-age
551,http://goodreads.com/book/show/28260417-aliens
552,http://goodreads.com/book/show/18775327-working-stiff
553,http://goodreads.com/book/show/18667960-a-troublesome-inheritance
554,http://goodreads.com/book/show/27405561-women-in-science
555,http://goodreads.com/book/show/23013818-the-triumph-of-seeds
556,http://goodreads.com/book/show/23453106-a-beautiful-question
557,http://goodreads.com/book/show/74645.Mathematics
558,http://goodreads.com/book/show/12158480-why-nations-fail
559,http://goodreads.com/book/show/22856166-headstrong
560,http://goodreads.com/book/show/218099.The_Infinite_Book
561,http://goodreads.com/book/show/66358.Men_of_Mathematics
562,http://goodreads.com/book/show/18693669-the-organized-mind
563,http://goodreads.com/book/show/208920.Fermat_s_Last_Theorem
564,http://goodreads.com/book/show/17356911-the-great-mathematical-problems
565,http://goodreads.com/book/show/11976774-who-s-in-charge-free-will-and-the-science-of-the-brain
566,http://goodreads.com/book/show/13557108-consciousness
567,http://goodreads.com/author/show/1375485.Bill_Schutt
568,http://goodreads.com/author/show/19435939.Brian_Deer
569,http://goodreads.com/book/show/18079760-the-remedy
570,http://goodreads.com/book/show/17934639-the-improbability-principle
571,http://goodreads.com/book/show/291056.Oxygen
572,http://goodreads.com/book/show/522525.Mistakes_Were_Made_But_Not_by_Me_
573,http://goodreads.com/book/show/23257776-birth-of-a-theorem
574,http://goodreads.com/book/show/183645.Voyage_of_the_Beagle
575,http://goodreads.com/book/show/2007640.The_Human_Brain
576,http://goodreads.com/book/show/319014.The_Holographic_Universe
577,http://goodreads.com/book/show/13707565-the-spark-of-life
578,http://goodreads.com/book/show/17986426-paleofantasy
579,http://goodreads.com/book/show/10802901
580,http://goodreads.com/book/show/10865206-the-willpower-instinct
581,http://goodreads.com/book/show/35506.The_Language_of_God
582,http://goodreads.com/book/show/137797.The_Mind_of_God
583,http://goodreads.com/book/show/11803196-it-s-not-rocket-science
584,http://goodreads.com/book/show/51287.Incompleteness
585,http://goodreads.com/book/show/476017.The_End_of_Time
586,http://goodreads.com/book/show/11298890-the-mathematics-of-life
587,http://goodreads.com/book/show/1027910.Life_on_Earth
588,http://goodreads.com/book/show/2118114.Sway
589,http://goodreads.com/book/show/11346470-connectome
590,http://goodreads.com/book/show/29608.The_Codebreakers
591,http://goodreads.com/book/show/20707975-space-chronicles
592,http://goodreads.com/book/show/695429.G_del_s_Proof
593,http://goodreads.com/book/show/8034188-where-good-ideas-come-from
594,http://goodreads.com/book/show/12987640-imagine
595,http://goodreads.com/book/show/109502.What_We_Believe_But_Cannot_Prove
596,http://goodreads.com/book/show/4865.How_to_Win_Friends_and_Influence_People
597,http://goodreads.com/book/show/10290675-electrified-sheep
598,http://goodreads.com/book/show/2727877-the-number-mysteries
599,http://goodreads.com/book/show/424190.The_Nothing_That_Is
600,http://goodreads.com/book/show/6604712-eating-animals
601,http://goodreads.com/book/show/11977185-free-radicals
602,http://goodreads.com/book/show/11044200-the-science-of-evil
603,http://goodreads.com/book/show/313956.The_Book_of_Nothing
604,http://goodreads.com/book/show/271361.e
605,http://goodreads.com/book/show/17265.Thirty_Years_that_Shook_Physics
606,http://goodreads.com/book/show/61666.Contact
607,http://goodreads.com/book/show/184327.The_Demon_Under_the_Microscope
608,http://goodreads.com/book/show/9691004-the-panic-virus
609,http://goodreads.com/book/show/17098.Isaac_Newton
610,http://goodreads.com/book/show/68143.The_Wisdom_of_Crowds
611,http://goodreads.com/book/show/49176.Games_People_Play
612,http://goodreads.com/book/show/2067.Breaking_the_Spell
613,http://goodreads.com/book/show/6343151-science
614,http://goodreads.com/book/show/1020063.Snowball_Earth
615,http://goodreads.com/book/show/238531.Five_Equations_That_Changed_the_World
616,http://goodreads.com/book/show/586616.A_History_of_
617,http://goodreads.com/book/show/61662.Shadows_of_Forgotten_Ancestors
618,http://goodreads.com/book/show/33936.Hen_s_Teeth_and_Horse_s_Toes
619,http://goodreads.com/author/show/6952980.Daniel_C_Dennett
620,http://goodreads.com/author/show/767633.Neil_Shubin
621,http://goodreads.com/book/show/131529.Why_Do_Men_Have_Nipples_
622,http://goodreads.com/book/show/57336.Dinosaur_in_a_Haystack
623,http://goodreads.com/book/show/267838.Mapping_Human_History
624,http://goodreads.com/book/show/183207.The_Theory_of_Almost_Everything
625,http://goodreads.com/book/show/263004.The_Fifth_Miracle
626,http://goodreads.com/book/show/52949562-the-rules-of-contagion
627,http://goodreads.com/book/show/50734400-how-to-argue-with-a-racist
628,http://goodreads.com/book/show/42118857-origins
629,http://goodreads.com/book/show/40597264-hacking-darwin
630,http://goodreads.com/book/show/40796176-infinite-powers
631,http://goodreads.com/book/show/37976541-bad-blood
632,http://goodreads.com/book/show/35187181-the-nature-fix
633,http://goodreads.com/book/show/40180025-army-of-none
634,http://goodreads.com/book/show/36204285-origin-story
635,http://goodreads.com/book/show/27833843-unnatural-causes
636,http://goodreads.com/book/show/39074555-blueprint
637,http://goodreads.com/book/show/40591933-humanimal
638,http://goodreads.com/book/show/37572446-the-inner-life-of-animals
639,http://goodreads.com/book/show/34128230-the-river-of-consciousness
640,http://goodreads.com/book/show/37934484-the-wonder-down-under
641,http://goodreads.com/book/show/40876575-utopia-for-realists
642,http://goodreads.com/book/show/36236156-light-of-the-stars
643,http://goodreads.com/book/show/31624963-the-evolution-of-beauty
644,http://goodreads.com/book/show/31706504-barking-up-the-wrong-tree
645,http://goodreads.com/book/show/25663961-how-not-to-die
646,http://goodreads.com/book/show/27883188-venomous
647,http://goodreads.com/book/show/40363555-rise-of-the-rocket-girls
648,http://goodreads.com/book/show/29502381-calculating-the-cosmos
649,http://goodreads.com/book/show/26367014-patient-h-m
650,http://goodreads.com/book/show/25816925-the-evolution-of-everything
651,http://goodreads.com/book/show/29610119-the-memory-illusion
652,http://goodreads.com/book/show/23848320-a-is-for-arsenic
653,http://goodreads.com/book/show/22477307-this-idea-must-die
654,http://goodreads.com/book/show/25189315-smoke-gets-in-your-eyes-other-lessons-from-the-crematory
655,http://goodreads.com/book/show/20663690-the-quantum-moment
656,http://goodreads.com/book/show/22522293-the-brain-s-way-of-healing
657,http://goodreads.com/book/show/18736925-capital-in-the-twenty-first-century
658,http://goodreads.com/book/show/18770267-make-it-stick
659,http://goodreads.com/book/show/21480734-dataclysm
660,http://goodreads.com/book/show/13166639-what-a-plant-knows
661,http://goodreads.com/book/show/17910121-missing-microbes
662,http://goodreads.com/book/show/20454074-the-marshmallow-test
663,http://goodreads.com/book/show/19243883-neanderthal-man
664,http://goodreads.com/book/show/27578.Not_Even_Wrong
665,http://goodreads.com/book/show/17756352-the-accidental-universe
666,http://goodreads.com/book/show/15797397-salt-sugar-fat
667,http://goodreads.com/book/show/13483740-the-story-of-earth
668,http://goodreads.com/book/show/9791.A_Walk_in_the_Woods
669,http://goodreads.com/book/show/13384559-the-self-illusion
670,http://goodreads.com/book/show/10102974-annoying
671,http://goodreads.com/author/show/6952980.Daniel_C_Dennett
672,http://goodreads.com/author/show/14847937.Seth_Stephens_Davidowitz
673,http://goodreads.com/book/show/17290783-the-gap
674,http://goodreads.com/book/show/616394.When_Life_Nearly_Died
675,http://goodreads.com/book/show/18465526-a-sting-in-the-tale
676,http://goodreads.com/book/show/3095024-is-god-a-mathematician
677,http://goodreads.com/book/show/5771014-the-talent-code
678,http://goodreads.com/book/show/305606.The_Island_of_the_Colorblind
679,http://goodreads.com/book/show/15815598-big-data
680,http://goodreads.com/book/show/18467746-the-norm-chronicles
681,http://goodreads.com/book/show/15798335-scatter-adapt-and-remember
682,http://goodreads.com/book/show/16277245-the-drunken-botanist
683,http://goodreads.com/book/show/12116875-lone-survivors
684,http://goodreads.com/book/show/15811496-cooked
685,http://goodreads.com/book/show/2578114-50-mathematical-ideas-you-really-need-to-know
686,http://goodreads.com/book/show/7997104-the-wave
687,http://goodreads.com/book/show/15818399-this-explains-everything
688,http://goodreads.com/book/show/36072.The_7_Habits_of_Highly_Effective_People
689,http://goodreads.com/book/show/6684592-perfect-rigor
690,http://goodreads.com/book/show/17465584-the-science-magpie
691,http://goodreads.com/book/show/13547504-far-from-the-tree
692,http://goodreads.com/book/show/818902.Counting_Sheep
693,http://goodreads.com/book/show/354783.Mendeleyev_s_Dream
694,http://goodreads.com/book/show/2341767.Physics_for_Future_Presidents
695,http://goodreads.com/book/show/326790.The_Society_of_Mind
696,http://goodreads.com/book/show/13539039-the-wisdom-of-psychopaths
697,http://goodreads.com/book/show/178788.The_China_Study
698,http://goodreads.com/book/show/248846.The_Revenge_of_Gaia
699,http://goodreads.com/book/show/16241190-dreamland
700,http://goodreads.com/book/show/2103.The_Nature_of_Space_and_Time
701,http://goodreads.com/book/show/5625477-biocentrism
702,http://goodreads.com/book/show/3688884-the-invention-of-air
703,http://goodreads.com/book/show/3269091-the-alchemy-of-air
704,http://goodreads.com/book/show/6371783-professor-stewart-s-hoard-of-mathematical-treasures
705,http://goodreads.com/book/show/7085440-the-whale
706,http://goodreads.com/book/show/11256934-a-more-perfect-heaven
707,http://goodreads.com/book/show/10317070-strange-new-worlds
708,http://goodreads.com/book/show/9066304-deadly-choices
709,http://goodreads.com/book/show/6320013-the-day-we-found-the-universe
710,http://goodreads.com/book/show/3281.The_Mind_and_the_Brain
711,http://goodreads.com/book/show/7799587-anatomy-of-an-epidemic
712,http://goodreads.com/book/show/10914780-science-ink
713,http://goodreads.com/book/show/733691.The_Symbolic_Species
714,http://goodreads.com/book/show/885276.Endless_Universe
715,http://goodreads.com/book/show/333063.The_Human_Zoo
716,http://goodreads.com/book/show/8694125-alone-together
717,http://goodreads.com/book/show/714380.The_Discoverers
718,http://goodreads.com/book/show/70420.The_Undercover_Economist
719,http://goodreads.com/book/show/1051446.Irrationality
720,http://goodreads.com/book/show/227533.The_Never_Ending_Days_of_Being_Dead
721,http://goodreads.com/book/show/9562056-wonders-of-the-solar-system
722,http://goodreads.com/book/show/6881432-in-search-of-the-multiverse
723,http://goodreads.com/author/show/60033.Ant_nio_R_Dam_sio
724,http://goodreads.com/author/show/767633.Neil_Shubin
725,http://goodreads.com/book/show/626958.From_Here_to_Infinity
726,http://goodreads.com/book/show/100049.Quantum_Theory
727,http://goodreads.com/book/show/79082.Symmetry_and_the_Monster
728,http://goodreads.com/book/show/249214.Particle_Physics
729,http://goodreads.com/book/show/1188644.The_Book_Nobody_Read
730,http://goodreads.com/book/show/33931.Time_s_Arrow_Time_s_Cycle
731,http://goodreads.com/book/show/3024263-sun-in-a-bottle
732,http://goodreads.com/book/show/1214669.Faster_Than_the_Speed_of_Light
733,http://goodreads.com/book/show/340289.Heat
734,http://goodreads.com/book/show/33934.The_Flamingo_s_Smile
735,http://goodreads.com/book/show/48463.The_Weather_Makers
736,http://goodreads.com/book/show/25017.Krakatoa
737,http://goodreads.com/book/show/83533.The_Age_of_Spiritual_Machines
738,http://goodreads.com/book/show/281016.The_Physics_of_Superheroes
739,http://goodreads.com/book/show/179756.The_Life_of_the_Cosmos
740,http://goodreads.com/book/show/36087.Mind_Wide_Open
741,http://goodreads.com/book/show/164064.Time_Love_Memory
742,http://goodreads.com/book/show/163529.At_the_Water_s_Edge
743,http://goodreads.com/book/show/785432.Visions
744,http://goodreads.com/book/show/76611.A_Natural_History_of_the_Senses
745,http://goodreads.com/book/show/83578.Why_Darwin_Matters
746,http://goodreads.com/book/show/1699997.The_Archimedes_Codex
747,http://goodreads.com/book/show/231610.The_World_As_I_See_It
748,http://goodreads.com/book/show/8113681
749,http://goodreads.com/book/show/9411155-supercooperators
750,http://goodreads.com/book/show/40672036-digital-minimalism
751,http://goodreads.com/book/show/43565360-artificial-intelligence
752,http://goodreads.com/book/show/36342158-the-equations-of-life
753,http://goodreads.com/book/show/51212034-a-grown-up-guide-to-dinosaurs
754,http://goodreads.com/book/show/53121631-underland
755,http://goodreads.com/book/show/39999461-never-enough
756,http://goodreads.com/book/show/36589701-the-perfect-predator
757,http://goodreads.com/book/show/34427003-the-little-book-of-black-holes
758,http://goodreads.com/book/show/42603316-chasing-the-sun
759,http://goodreads.com/book/show/36484703-prediction-machines
760,http://goodreads.com/book/show/2110369.How_To_Fossilise_Your_Hamster
761,http://goodreads.com/book/show/6570502-switch
762,http://goodreads.com/book/show/40694087-adventures-in-memory
763,http://goodreads.com/book/show/38095085-the-mystery-of-the-exploding-teeth-and-other-curiosities-from-the-histor
764,http://goodreads.com/book/show/36236166-happy-brain
765,http://goodreads.com/book/show/394606.Quantum_Evolution
766,http://goodreads.com/book/show/277658.The_Pattern_on_the_Stone
767,http://goodreads.com/book/show/18114379-the-unpersuadables
768,http://goodreads.com/book/show/35412097-when
769,http://goodreads.com/book/show/25541028-elon-musk
770,http://goodreads.com/book/show/29947651-endurance
771,http://goodreads.com/book/show/34959327-the-wizard-and-the-prophet
772,http://goodreads.com/book/show/34323010-dollars-and-sense
773,http://goodreads.com/book/show/25135194-prisoners-of-geography
774,http://goodreads.com/book/show/35235302-this-is-going-to-hurt
775,http://goodreads.com/author/show/12855.Neil_deGrasse_Tyson
776,http://goodreads.com/author/show/60033.Ant_nio_R_Dam_sio
777,http://goodreads.com/book/show/30962055-irresistible
778,http://goodreads.com/book/show/32075449-the-ends-of-the-world
779,http://goodreads.com/book/show/119730.Without_Conscience
780,http://goodreads.com/book/show/30212108-the-vaccine-race
781,http://goodreads.com/book/show/30359599-forces-of-nature
782,http://goodreads.com/book/show/22320456-beyond-words
783,http://goodreads.com/book/show/4997659-play
784,http://goodreads.com/book/show/23521187-life-s-engines
785,http://goodreads.com/book/show/35187183-your-brain-is-a-time-machine
786,http://goodreads.com/book/show/31374512-how-to-tame-a-fox-and-build-a-dog
787,http://goodreads.com/book/show/34638306-the-angry-chef
788,http://goodreads.com/book/show/25744928-deep-work
789,http://goodreads.com/book/show/31848288-apollo-8
790,http://goodreads.com/book/show/30211959-if-our-bodies-could-talk
791,http://goodreads.com/book/show/10955059-incomplete-nature
792,http://goodreads.com/book/show/30039048-what-doesn-t-kill-us
793,http://goodreads.com/book/show/29874881-the-case-against-sugar
794,http://goodreads.com/book/show/29973294-exoplanets
795,http://goodreads.com/book/show/2423424.The_Art_of_Strategy
796,http://goodreads.com/book/show/29430840-the-lion-in-the-living-room
797,http://goodreads.com/book/show/27213329-grit
798,http://goodreads.com/book/show/22635869-healthy-brain-happy-life
799,http://goodreads.com/book/show/29623290-animal
800,http://goodreads.com/book/show/23644794-10-human
801,http://goodreads.com/book/show/2051708.Microcosm
802,http://goodreads.com/book/show/25622872-half-earth
803,http://goodreads.com/book/show/25371883-the-cosmic-web
804,http://goodreads.com/book/show/17707637-five-billion-years-of-solitude
805,http://goodreads.com/book/show/17841838-the-outer-limits-of-reason
806,http://goodreads.com/book/show/747570.Evolution_in_Four_Dimensions
807,http://goodreads.com/book/show/26053275-brief-candle-in-the-dark
808,http://goodreads.com/book/show/22693086-the-invention-of-science
809,http://goodreads.com/book/show/6898420-the-edge-of-physics
810,http://goodreads.com/book/show/921122.Catwatching
811,http://goodreads.com/book/show/23281637-faith-versus-fact
812,http://goodreads.com/book/show/204972.The_Math_Gene
813,http://goodreads.com/book/show/3429863-the-parrot-s-theorem
814,http://goodreads.com/book/show/90556.The_Biology_of_Belief
815,http://goodreads.com/book/show/21976059-follow-your-gut
816,http://goodreads.com/book/show/9429803-why-can-t-elephants-jump
817,http://goodreads.com/book/show/20949450-dr-m-tter-s-marvels
818,http://goodreads.com/book/show/22245552-chasing-the-scream
819,http://goodreads.com/book/show/23258103-the-mathematics-of-love
820,http://goodreads.com/book/show/977262.Asimov_s_New_Guide_To_Science
821,http://goodreads.com/book/show/925917.Supercontinent
822,http://goodreads.com/book/show/21856367-the-innovators
823,http://goodreads.com/book/show/1120138.The_Origins_of_Life
824,http://goodreads.com/book/show/13166638-gravity-s-engines
825,http://goodreads.com/book/show/1187815.Peoplewatching
826,http://goodreads.com/book/show/16043523-probably-approximately-correct
827,http://goodreads.com/author/show/14847937.Seth_Stephens_Davidowitz
828,http://goodreads.com/book/show/25622255-the-human-age
829,http://goodreads.com/book/show/33410046-my-favorite-universe
830,http://goodreads.com/book/show/20893477-how-we-got-to-now
831,http://goodreads.com/book/show/17332273-neutrino-hunters
832,http://goodreads.com/book/show/17471298-quantum-computing-since-democritus
833,http://goodreads.com/book/show/582171.Microbe_Hunters
834,http://goodreads.com/book/show/7873438-sleights-of-mind
835,http://goodreads.com/book/show/275923.The_Mathematical_Universe
836,http://goodreads.com/book/show/197073.Sperm_Wars
837,http://goodreads.com/book/show/13707558-weird-life
838,http://goodreads.com/book/show/254499.Conversations_on_Consciousness
839,http://goodreads.com/book/show/13588415-the-chemistry-between-us
840,http://goodreads.com/book/show/17707599-moral-tribes
841,http://goodreads.com/book/show/106732.The_User_Illusion
842,http://goodreads.com/book/show/13593959-a-little-history-of-science
843,http://goodreads.com/book/show/11382184-the-optimism-bias
844,http://goodreads.com/book/show/60280.Deep_Ancestry
845,http://goodreads.com/book/show/13646265
846,http://goodreads.com/book/show/2200247.The_Ten_Most_Beautiful_Experiments
847,http://goodreads.com/book/show/15793503-last-ape-standing
848,http://goodreads.com/book/show/17130549-the-golden-ticket
849,http://goodreads.com/book/show/64895.Cod
850,http://goodreads.com/book/show/324494.The_Great_Mortality
851,http://goodreads.com/book/show/60885.Woman
852,http://goodreads.com/book/show/100633.The_Ghost_in_the_Atom
853,http://goodreads.com/book/show/80050.A_Leg_to_Stand_On
854,http://goodreads.com/book/show/8854815-why-does-the-world-exist
855,http://goodreads.com/book/show/245344.Structures
856,http://goodreads.com/book/show/11148989-catching-fire
857,http://goodreads.com/book/show/359425.Life_at_the_Extremes
858,http://goodreads.com/book/show/9000974-quirk
859,http://goodreads.com/book/show/130479.Fashionable_Nonsense
860,http://goodreads.com/book/show/585528.Aspirin
861,http://goodreads.com/book/show/410967.What_Mad_Pursuit
862,http://goodreads.com/book/show/29442.The_Man_Who_Changed_Everything
863,http://goodreads.com/book/show/1550712.Eating_the_Sun
864,http://goodreads.com/book/show/100639.Atom
865,http://goodreads.com/book/show/120417.The_Sky_Is_Not_the_Limit
866,http://goodreads.com/book/show/3872.A_History_of_the_World_in_6_Glasses
867,http://goodreads.com/book/show/13542772-automate-this
868,http://goodreads.com/book/show/1081413.Super_Crunchers
869,http://goodreads.com/book/show/3242100-the-science-of-fear
870,http://goodreads.com/book/show/180506.If_the_Universe_Is_Teeming_with_Aliens_Where_Is_Everybody_
871,http://goodreads.com/book/show/216543.Entangled_Minds
872,http://goodreads.com/book/show/366821.The_Evolution_of_Cooperation
873,http://goodreads.com/book/show/20671.Monkeyluv
874,http://goodreads.com/book/show/6963933-taming-the-infinite
875,http://goodreads.com/book/show/621289.Through_Our_Eyes_Only_
876,http://goodreads.com/book/show/905743.Advice_To_A_Young_Scientist
877,http://goodreads.com/book/show/238558.A_New_Kind_of_Science
878,http://goodreads.com/author/show/1375485.Bill_Schutt
879,http://goodreads.com/book/show/7235776-virolution
880,http://goodreads.com/book/show/129731.Mindless_Eating
881,http://goodreads.com/book/show/13912.A_Beautiful_Mind
882,http://goodreads.com/book/show/7972148-proofiness
883,http://goodreads.com/book/show/210404.A_Sand_County_Almanac_and_Sketches_Here_and_There
884,http://goodreads.com/book/show/3018307-alex-me
885,http://goodreads.com/book/show/2338767.A_Guinea_Pig_s_History_of_Biology
886,http://goodreads.com/book/show/192221.How_to_Solve_It
887,http://goodreads.com/book/show/31921.Philosophy_of_Science
888,http://goodreads.com/book/show/26329.Emotional_Intelligence
889,http://goodreads.com/book/show/7442792-bursts
890,http://goodreads.com/book/show/79985.Monster_of_God
891,http://goodreads.com/book/show/1059285.Mapping_the_Deep
892,http://goodreads.com/book/show/135758.Nexus
893,http://goodreads.com/book/show/849747.Moondust
894,http://goodreads.com/book/show/8610967-future-babble
895,http://goodreads.com/book/show/8586536-quantum-man
896,http://goodreads.com/book/show/1455499.Evolution
897,http://goodreads.com/book/show/260696.The_Universe_Next_Door
898,http://goodreads.com/book/show/254705.Winter_World
899,http://goodreads.com/book/show/6968772-the-master-and-his-emissary
900,http://goodreads.com/book/show/6218677-darwin-s-island
901,http://goodreads.com/book/show/1044095.Alice_in_Quantumland
902,http://goodreads.com/book/show/11368427
903,http://goodreads.com/book/show/194455.The_Constants_of_Nature
904,http://goodreads.com/book/show/56167.Feynman_s_Lost_Lecture
905,http://goodreads.com/book/show/320132.The_Field
906,http://goodreads.com/book/show/6985427-denialism
907,http://goodreads.com/book/show/9862761-1493
908,http://goodreads.com/book/show/296420.Comet
909,http://goodreads.com/book/show/9206187-everything-is-obvious
910,http://goodreads.com/book/show/106139.The_Man_Who_Knew_Infinity
911,http://goodreads.com/book/show/11048785-how-the-hippies-saved-physics
912,http://goodreads.com/book/show/17135.How_to_Build_a_Time_Machine
913,http://goodreads.com/book/show/116623.Decoding_the_Universe
914,http://goodreads.com/book/show/5895503-the-ego-tunnel
915,http://goodreads.com/book/show/4070074-sustainable-energy---without-the-hot-air
916,http://goodreads.com/book/show/331816.Genes_Peoples_and_Languages
917,http://goodreads.com/book/show/6304389-the-spirit-level
918,http://goodreads.com/book/show/179504.The_ABC_of_Relativity
919,http://goodreads.com/book/show/181239.Metamagical_Themas
920,http://goodreads.com/book/show/311504.Riding_Rockets
921,http://goodreads.com/book/show/33932.The_Hedgehog_the_Fox_the_Magister_s_Pox
922,http://goodreads.com/book/show/6739077-decoding-reality
923,http://goodreads.com/book/show/21243.Project_Orion
924,http://goodreads.com/book/show/36085.Everything_Bad_is_Good_for_You
925,http://goodreads.com/book/show/243725.Out_of_Control
926,http://goodreads.com/book/show/33929.Eight_Little_Piggies
927,http://goodreads.com/book/show/5456216-decoding-the-heavens
928,http://goodreads.com/book/show/4224060-the-element
929,http://goodreads.com/author/show/19435939.Brian_Deer
930,http://goodreads.com/author/show/60033.Ant_nio_R_Dam_sio
931,http://goodreads.com/book/show/81788.Why_We_Get_Sick
932,http://goodreads.com/book/show/821914.Everything_and_More
933,http://goodreads.com/book/show/1404375.The_Private_Life_of_the_Brain
934,http://goodreads.com/book/show/597067.The_Language_of_Genes
935,http://goodreads.com/book/show/537480.Letters_to_a_Young_Mathematician
936,http://goodreads.com/book/show/151132.Synaptic_Self
937,http://goodreads.com/book/show/6850062-the-bird
938,http://goodreads.com/book/show/373572.Earth
939,http://goodreads.com/book/show/294368.The_Lives_of_a_Cell
940,http://goodreads.com/book/show/2652751-kluge
941,http://goodreads.com/book/show/9824.Rats
942,http://goodreads.com/book/show/1274.Men_Are_from_Mars_Women_Are_from_Venus
943,http://goodreads.com/book/show/156599.Last_Child_in_the_Woods
944,http://goodreads.com/book/show/23968.The_Female_Brain
945,http://goodreads.com/book/show/1404555.The_Origin_Of_The_Universe
946,http://goodreads.com/book/show/642231.Measuring_the_World
947,http://goodreads.com/book/show/142292.My_Stroke_of_Insight
948,http://goodreads.com/book/show/477474.Stardust
949,http://goodreads.com/book/show/551426.A_Different_Universe
950,http://goodreads.com/book/show/318402.What_Is_Your_Dangerous_Idea_
951,http://goodreads.com/book/show/35068671-the-perfectionists
952,http://goodreads.com/book/show/389530.Chimpanzee_Politics
953,http://goodreads.com/book/show/40696923-blueprint
954,http://goodreads.com/book/show/43183121-the-science-of-storytelling
955,http://goodreads.com/book/show/42163845-infinity-in-the-palm-of-your-hand
956,http://goodreads.com/book/show/42878826-superbugs
957,http://goodreads.com/book/show/23847947-pandemic
958,http://goodreads.com/book/show/45894068-mama-s-last-hug
959,http://goodreads.com/book/show/43722897-the-art-of-statistics
960,http://goodreads.com/book/show/40656946-the-secret-wisdom-of-nature
961,http://goodreads.com/book/show/35097705-how-to-build-a-universe
962,http://goodreads.com/book/show/40538681-midnight-in-chernobyl
963,http://goodreads.com/book/show/6377289
964,http://goodreads.com/book/show/34523152-the-water-will-come
965,http://goodreads.com/book/show/25131230-rationality
966,http://goodreads.com/book/show/35888286-evil
967,http://goodreads.com/book/show/37941678-heart
968,http://goodreads.com/book/show/38891828-wilding
969,http://goodreads.com/book/show/6316377-stulecie-chirurg-w
970,http://goodreads.com/book/show/39088985-never-home-alone
971,http://goodreads.com/book/show/34921573-lost-connections
972,http://goodreads.com/book/show/13547287-the-grapes-of-math
973,http://goodreads.com/book/show/40917082-einstein-s-unfinished-revolution
974,http://goodreads.com/book/show/40404801-notes-on-a-nervous-planet
975,http://goodreads.com/book/show/32191675-how-language-began
976,http://goodreads.com/book/show/36739330-spying-on-whales
977,http://goodreads.com/book/show/29243729-the-hungry-brain
978,http://goodreads.com/book/show/40940205-tribe
979,http://goodreads.com/book/show/70197.Molecules_of_Emotion
980,http://goodreads.com/book/show/36794489-when-einstein-walked-with-g-del
981,http://goodreads.com/author/show/6952980.Daniel_C_Dennett
982,http://goodreads.com/book/show/13630241-the-science-of-love-and-betrayal
983,http://goodreads.com/book/show/33784513-what-it-s-like-to-be-a-dog
984,http://goodreads.com/book/show/38212104-end-of-the-megafauna
985,http://goodreads.com/book/show/34211802-the-unexpected-truth-about-animals
986,http://goodreads.com/book/show/26631880-min-europeiska-familj
987,http://goodreads.com/book/show/357666.A_Mind_of_Its_Own
988,http://goodreads.com/book/show/36204903-shapeshifters
989,http://goodreads.com/book/show/38485991-the-skeptics-guide-to-the-universe
990,http://goodreads.com/book/show/35212990-all-that-remains
991,http://goodreads.com/book/show/32887685-the-plant-messiah
992,http://goodreads.com/book/show/100645.Quintessence
993,http://goodreads.com/book/show/26618156-habits-of-a-happy-brain
994,http://goodreads.com/book/show/37541976-tyri-prsty-tap-ra
995,http://goodreads.com/book/show/28820444-the-elephant-in-the-brain
996,http://goodreads.com/book/show/34445220-the-ascent-of-gravity
997,http://goodreads.com/book/show/32670941-mass
998,http://goodreads.com/book/show/33784515-the-quantum-labyrinth
999,http://goodreads.com/book/show/33952842-tamed
1000,http://goodreads.com/book/show/40180029-swearing-is-good-for-you
1001,http://goodreads.com/book/show/18693771-the-body-keeps-the-score
1002,http://goodreads.com/book/show/35128889-the-clever-guts-diet
1003,http://goodreads.com/book/show/13049517-the-infinity-puzzle
1004,http://goodreads.com/book/show/24611735-black-box-thinking
1005,http://goodreads.com/book/show/33583833-big-chicken
1006,http://goodreads.com/book/show/31423237-scienceblind
1007,http://goodreads.com/book/show/28257707-the-subtle-art-of-not-giving-a-f-ck
1008,http://goodreads.com/book/show/33407803-indica
1009,http://goodreads.com/book/show/25430558-in-a-different-key
1010,http://goodreads.com/book/show/36236112-dna-is-not-destiny
1011,http://goodreads.com/book/show/26196560-13-8
1012,http://goodreads.com/book/show/34458942-the-telomere-effect
1013,http://goodreads.com/book/show/31440702-the-cosmic-machine
1014,http://goodreads.com/book/show/30618260-idea-makers
1015,http://goodreads.com/book/show/25409816-the-laws-of-medicine
1016,http://goodreads.com/book/show/25159044-first-bite
1017,http://goodreads.com/book/show/29496512-the-glass-universe
1018,http://goodreads.com/book/show/29100194-against-empathy
1019,http://goodreads.com/book/show/31682628-hj-rnstark
1020,http://goodreads.com/book/show/437689.Advice_for_a_Young_Investigator
1021,http://goodreads.com/book/show/26597281-fashion-faith-and-fantasy-in-the-new-physics-of-the-universe
1022,http://goodreads.com/book/show/1013145.An_Ocean_Of_Air
1023,http://goodreads.com/book/show/28439264-spaceman
1024,http://goodreads.com/book/show/18554985-the-systems-view-of-life
1025,http://goodreads.com/book/show/22822839-the-thrilling-adventures-of-lovelace-and-babbage
1026,http://goodreads.com/book/show/6910943-how-to-make-a-tornado
1027,http://goodreads.com/book/show/617702.In_the_Realm_of_Hungry_Ghosts
1028,http://goodreads.com/book/show/16238031-we-are-all-stardust
1029,http://goodreads.com/book/show/89635.How_the_Universe_Got_Its_Spots
1030,http://goodreads.com/book/show/428157.The_Mind_of_a_Mnemonist
1031,http://goodreads.com/book/show/13067966-the-animal-kingdom
1032,http://goodreads.com/author/show/6952980.Daniel_C_Dennett
1033,http://goodreads.com/book/show/8155672-the-german-genius
1034,http://goodreads.com/book/show/22668729-hooked
1035,http://goodreads.com/book/show/22889752-the-upright-thinkers
1036,http://goodreads.com/book/show/16065621-do-you-believe-in-magic
1037,http://goodreads.com/book/show/26597346-the-serengeti-rules
1038,http://goodreads.com/book/show/25111054-science-of-the-magical
1039,http://goodreads.com/book/show/835314.Seeds_of_Change
1040,http://goodreads.com/book/show/27537.Working_with_Emotional_Intelligence
1041,http://goodreads.com/book/show/23719307-the-best-american-science-and-nature-writing-2015
1042,http://goodreads.com/book/show/6648865-the-art-of-choosing
1043,http://goodreads.com/book/show/25430578-cure
1044,http://goodreads.com/book/show/25571952-unstoppable
1045,http://goodreads.com/book/show/1249095.The_Logic_of_Life
1046,http://goodreads.com/book/show/23453112-modern-romance
1047,http://goodreads.com/book/show/1699002.Archimedes_to_Hawking
1048,http://goodreads.com/book/show/13166598-trinity
1049,http://goodreads.com/book/show/23615703-voices-in-the-ocean
1050,http://goodreads.com/book/show/25525225-the-diet-myth
1051,http://goodreads.com/book/show/24612258-life-s-greatest-secret
1052,http://goodreads.com/book/show/23241062-statistics-done-wrong
1053,http://goodreads.com/book/show/18007564-the-martian
1054,http://goodreads.com/book/show/23364274-how-to-clone-a-mammoth
1055,http://goodreads.com/book/show/22609354-the-dorito-effect
1056,http://goodreads.com/book/show/18730155-the-universe
1057,http://goodreads.com/book/show/1353550.The_21st_Century_Brain
1058,http://goodreads.com/book/show/18656029-zoom
1059,http://goodreads.com/book/show/18079702-the-thing-with-feathers
1060,http://goodreads.com/book/show/287896.Nature_s_Numbers
1061,http://goodreads.com/book/show/20821027-the-invisible-history-of-the-human-race
1062,http://goodreads.com/book/show/20579068-atomic-accidents
1063,http://goodreads.com/book/show/13587129-regenesis
1064,http://goodreads.com/book/show/22542.Merlin_s_Tour_of_the_Universe
1065,http://goodreads.com/book/show/16056768-the-things-that-nobody-knows
1066,http://goodreads.com/book/show/18249288-the-island-of-knowledge
1067,http://goodreads.com/book/show/20696035-animal-weapons
1068,http://goodreads.com/book/show/13650233-curiosity
1069,http://goodreads.com/book/show/18593597-infinitesimal
1070,http://goodreads.com/book/show/145291.Number
1071,http://goodreads.com/book/show/11106028-the-cell
1072,http://goodreads.com/book/show/11051909-born-in-africa
1073,http://goodreads.com/book/show/7170963-the-other-brain
1074,http://goodreads.com/book/show/17834895-trespassing-on-einstein-s-lawn
1075,http://goodreads.com/book/show/18378002-intuition-pumps-and-other-tools-for-thinking
1076,http://goodreads.com/book/show/6987.Saxons_Vikings_and_Celts
1077,http://goodreads.com/book/show/368593.The_4_Hour_Workweek
1078,http://goodreads.com/book/show/39926.The_Beauty_Myth
1079,http://goodreads.com/book/show/101255.On_Food_and_Cooking
1080,http://goodreads.com/book/show/204070.Universe
1081,http://goodreads.com/book/show/14894653-the-monkey-s-voyage
1082,http://goodreads.com/book/show/213113.Soul_Made_Flesh
1083,http://goodreads.com/author/show/60033.Ant_nio_R_Dam_sio
1084,http://goodreads.com/author/show/191995.Derek_Thompson
1085,http://goodreads.com/book/show/1544217.Genesis
1086,http://goodreads.com/book/show/17396823-extremes
1087,http://goodreads.com/book/show/29.The_Mother_Tongue
1088,http://goodreads.com/book/show/1381851.The_Inflationary_Universe
1089,http://goodreads.com/book/show/6738284-the-language-of-life
1090,http://goodreads.com/book/show/16065675-wonders-of-life
1091,http://goodreads.com/book/show/13646298
1092,http://goodreads.com/book/show/780672.The_Emotional_Brain
1093,http://goodreads.com/book/show/8570787-drop-dead-healthy
1094,http://goodreads.com/book/show/13562662-the-book-of-barely-imagined-beings
1095,http://goodreads.com/book/show/15755788-higgs---the-invention-and-discovery-of-the-god-particle
1096,http://goodreads.com/book/show/4386485-animals-make-us-human
1097,http://goodreads.com/book/show/48132.My_Family_and_Other_Animals
1098,http://goodreads.com/book/show/13166631-why-is-the-penis-shaped-like-that
1099,http://goodreads.com/book/show/9634191-feathers
1100,http://goodreads.com/book/show/829616.Lateral_Thinking
1101,http://goodreads.com/book/show/341166.Madame_Curie
1102,http://goodreads.com/book/show/13592853-drugs-without-the-hot-air
1103,http://goodreads.com/book/show/386162.The_Hitchhiker_s_Guide_to_the_Galaxy
1104,http://goodreads.com/book/show/10746145-the-wild-life-of-our-bodies
1105,http://goodreads.com/book/show/6796675-buddha-s-brain
1106,http://goodreads.com/book/show/15769185-higgs-discovery
1107,http://goodreads.com/book/show/6232657-a-mathematician-s-lament
1108,http://goodreads.com/book/show/1378136.On_Aggression
1109,http://goodreads.com/book/show/797498.The_Last_Three_Minutes
1110,http://goodreads.com/book/show/12804425-green-illusions
1111,http://goodreads.com/book/show/17447070-jeden-v-dych-ko-a
1112,http://goodreads.com/book/show/27667.The_Scientist_in_the_Crib
1113,http://goodreads.com/book/show/7306086-the-wave-watcher-s-companion
1114,http://goodreads.com/book/show/493.My_Inventions
1115,http://goodreads.com/book/show/52524.Bones_Rocks_and_Stars
1116,http://goodreads.com/book/show/2497.Black_Holes_Wormholes_and_Time_Machines
1117,http://goodreads.com/book/show/192412.Primates_and_Philosophers
1118,http://goodreads.com/book/show/683539.Why_We_Do_What_We_Do
1119,http://goodreads.com/book/show/1016006.The_Value_of_Science
1120,http://goodreads.com/book/show/8714969-dance-of-the-photons
1121,http://goodreads.com/book/show/783559.The_Origins_of_Order
1122,http://goodreads.com/book/show/215788.The_Search_for_Superstrings_Symmetry_and_the_Theory_of_Everything
1123,http://goodreads.com/book/show/208737.The_Language_of_Mathematics
1124,http://goodreads.com/book/show/267164.Ubiquity
1125,http://goodreads.com/book/show/99629.The_Malay_Archipelago
1126,http://goodreads.com/book/show/159062.Evolution_for_Everyone
1127,http://goodreads.com/book/show/53205.An_Introduction_to_Black_Holes_Information_and_the_String_Theory_Revolution
1128,http://goodreads.com/book/show/846166.The_Unnatural_Nature_of_Science
1129,http://goodreads.com/book/show/1487938.The_Pea_and_the_Sun
1130,http://goodreads.com/book/show/6086725-remarkable-creatures
1131,http://goodreads.com/book/show/388097.Ten_Questions_Science_Can_t_Answer_Yet_
1132,http://goodreads.com/book/show/6321234-the-nature-of-technology
1133,http://goodreads.com/book/show/268266.Thinking_Physics
1134,http://goodreads.com/book/show/13236987-the-universe-inside-you
1135,http://goodreads.com/author/show/60033.Ant_nio_R_Dam_sio
1136,http://goodreads.com/book/show/944856.Nature_s_Building_Blocks
1137,http://goodreads.com/book/show/7811050-being-wrong
1138,http://goodreads.com/book/show/1399063.The_Living_Planet
1139,http://goodreads.com/book/show/466537.Future_Shock
1140,http://goodreads.com/book/show/7090.The_Soul_of_a_New_Machine
1141,http://goodreads.com/book/show/714346.One_Renegade_Cell
1142,http://goodreads.com/book/show/15797326-zoobiquity
1143,http://goodreads.com/book/show/96884.The_Happiness_Hypothesis
1144,http://goodreads.com/book/show/91358.The_Number_Devil
1145,http://goodreads.com/book/show/183829.The_Future_of_Life
1146,http://goodreads.com/book/show/6494620-connected
1147,http://goodreads.com/book/show/2071.Freedom_Evolves
1148,http://goodreads.com/book/show/838377.Frozen_Earth
1149,http://goodreads.com/book/show/198308.Faster
1150,http://goodreads.com/book/show/9628743-the-social-animal
1151,http://goodreads.com/book/show/12862541-darwin-s-ghosts
1152,http://goodreads.com/book/show/6601267-the-machinery-of-life
1153,http://goodreads.com/book/show/423246.Adventures_of_a_Mathematician
1154,http://goodreads.com/book/show/357209.An_Imaginary_Tale
1155,http://goodreads.com/book/show/195155.Fear_of_Physics
1156,http://goodreads.com/book/show/6772529-the-hidden-brain
1157,http://goodreads.com/book/show/98784.Hippo_Eats_Dwarf
1158,http://goodreads.com/book/show/633006.The_Theory_of_Evolution
1159,http://goodreads.com/book/show/540360.In_Search_of_the_Double_Helix
1160,http://goodreads.com/book/show/207489.The_New_World_of_Mr_Tompkins
1161,http://goodreads.com/book/show/6393242-the-math-book
1162,http://goodreads.com/book/show/7096493-afterglow-of-creation
1163,http://goodreads.com/book/show/812261.A_Brief_History_of_Infinity
1164,http://goodreads.com/book/show/83585.Secrets_of_Mental_Math
1165,http://goodreads.com/book/show/8968323-radioactive
1166,http://goodreads.com/book/show/380955.The_Accidental_Mind
1167,http://goodreads.com/book/show/18869177-lying
1168,http://goodreads.com/book/show/3152599-when-science-goes-wrong
1169,http://goodreads.com/book/show/49286.How_We_Die
1170,http://goodreads.com/book/show/6611778-30-second-theories
1171,http://goodreads.com/book/show/945683.Tricks_of_the_Mind
1172,http://goodreads.com/book/show/38396.Einstein_s_Cosmos
1173,http://goodreads.com/book/show/5096882-the-age-of-entanglement
1174,http://goodreads.com/book/show/22163.The_Wild_Trees
1175,http://goodreads.com/book/show/6122575-the-medea-hypothesis
1176,http://goodreads.com/book/show/150731.Alan_Turing
1177,http://goodreads.com/book/show/8727466-why-we-get-fat
1178,http://goodreads.com/book/show/6753172-cro-magnon
1179,http://goodreads.com/book/show/6033964-the-10-000-year-explosion
1180,http://goodreads.com/book/show/187639.Paradigms_Lost
1181,http://goodreads.com/book/show/10852288-the-sun-s-heartbeat
1182,http://goodreads.com/book/show/9126182-bats-sing-mice-giggle
1183,http://goodreads.com/book/show/5112465-relativity
1184,http://goodreads.com/book/show/1066996.The_Magical_Maze
1185,http://goodreads.com/book/show/33057.Cathedral_Forge_and_Waterwheel
1186,http://goodreads.com/author/show/19435939.Brian_Deer
1187,http://goodreads.com/author/show/191995.Derek_Thompson
1188,http://goodreads.com/book/show/865516.The_Cosmic_Serpent
1189,http://goodreads.com/book/show/9807852-braintrust
1190,http://goodreads.com/book/show/11355831-dog-sense
1191,http://goodreads.com/book/show/83596.Engines_of_Creation
1192,http://goodreads.com/book/show/2081.The_Mind_s_I
1193,http://goodreads.com/book/show/39020.1491
1194,http://goodreads.com/book/show/6991.Adam_s_Curse
1195,http://goodreads.com/book/show/8775103-hot
1196,http://goodreads.com/book/show/331680.Programming_the_Universe
1197,http://goodreads.com/book/show/7766914-self-comes-to-mind
1198,http://goodreads.com/book/show/100027.Quantum_Enigma
1199,http://goodreads.com/book/show/125257.The_Quest_for_Consciousness
1200,http://goodreads.com/book/show/25013.A_Crack_in_the_Edge_of_the_World
1201,http://goodreads.com/book/show/111185.Physics_and_Philosophy
1202,http://goodreads.com/book/show/4649261-the-earth-after-us
1203,http://goodreads.com/book/show/580291.Mauve
1204,http://goodreads.com/book/show/413683.The_Trials_of_Life
1205,http://goodreads.com/book/show/853858.The_Man_Who_Found_Time
1206,http://goodreads.com/book/show/314114.The_Web_of_Life
1207,http://goodreads.com/book/show/382057.What_Remains_to_Be_Discovered
1208,http://goodreads.com/book/show/2803.Electric_Universe
1209,http://goodreads.com/book/show/558059.The_Fractal_Geometry_of_Nature
1210,http://goodreads.com/book/show/3961946-atom
1211,http://goodreads.com/book/show/6719017-reading-in-the-brain
1212,http://goodreads.com/book/show/1823138.The_Tiger_That_Isn_t
1213,http://goodreads.com/book/show/7550814-stuff
1214,http://goodreads.com/book/show/250814.The_End_of_Science
1215,http://goodreads.com/book/show/2467566.The_Long_Tail
1216,http://goodreads.com/book/show/310330.The_Whole_Shebang
1217,http://goodreads.com/book/show/134225.Disturbing_the_Universe
1218,http://goodreads.com/book/show/979694.Microcosmos
1219,http://goodreads.com/book/show/98810.God
1220,http://goodreads.com/book/show/17798.Fads_and_Fallacies_in_the_Name_of_Science
1221,http://goodreads.com/book/show/298252.About_Time
1222,http://goodreads.com/book/show/1111741.George_s_Secret_Key_to_the_Universe
1223,http://goodreads.com/book/show/199359.The_End_of_Nature
1224,http://goodreads.com/book/show/185407.The_Descent_of_Man
1225,http://goodreads.com/book/show/315425.In_Defense_of_Food
1226,http://goodreads.com/book/show/55016.The_Day_the_Universe_Changed
1227,http://goodreads.com/book/show/262731.The_Definitive_Book_of_Body_Language
1228,http://goodreads.com/book/show/185154.The_Triple_Helix
1229,http://goodreads.com/book/show/185153.Biology_as_Ideology
1230,http://goodreads.com/book/show/153954.The_Human_Use_of_Human_Beings
1231,http://goodreads.com/book/show/3398625-the-lost-city-of-z
1232,http://goodreads.com/book/show/1000555.Einstein_for_Beginners
1233,http://goodreads.com/book/show/14376.Einstein_s_Dreams
1234,http://goodreads.com/book/show/3106009-rock-paper-scissors
1235,http://goodreads.com/book/show/72536.The_Sociopath_Next_Door
1236,http://goodreads.com/book/show/57233.Leonardo_s_Mountain_of_Clams_and_the_Diet_of_Worms
1237,http://goodreads.com/book/show/287847.Evolution
1238,http://goodreads.com/author/show/191995.Derek_Thompson
1239,http://goodreads.com/book/show/208743.The_Millennium_Problems
1240,http://goodreads.com/book/show/64838.Alpha_and_Omega
1241,http://goodreads.com/book/show/45995328-de-meeste-mensen-deugen
1242,http://goodreads.com/book/show/36556202-the-coddling-of-the-american-mind
1243,http://goodreads.com/book/show/48890486-breath
1244,http://goodreads.com/book/show/52668915-entangled-life
1245,http://goodreads.com/book/show/33916545-beyond-infinity
1246,http://goodreads.com/book/show/38728977-the-molecule-of-more
1247,http://goodreads.com/book/show/50263828-this-book-could-save-your-life
1248,http://goodreads.com/book/show/48660357-wiaty-r-wnoleg-e-czego-ucz-nas-p-askoziemcy-homeopaci-i-r-d-karze
1249,http://goodreads.com/book/show/49119405-o-powstawaniu-polak-w
1250,http://goodreads.com/book/show/41566865-breaking-mending
1251,http://goodreads.com/book/show/44510302-levangeliet
1252,http://goodreads.com/book/show/32797971-hjernen-er-stjernen
1253,http://goodreads.com/book/show/52941755-the-math-of-life-and-death
1254,http://goodreads.com/book/show/40933159-eating-the-sun
1255,http://goodreads.com/book/show/40363634-a-brief-history-of-everything
1256,http://goodreads.com/book/show/46138936-understanding-complexity
1257,http://goodreads.com/book/show/44015235-kwantechizm-czyli-klatka-na-ludzi
1258,http://goodreads.com/book/show/2102.Stephen_Hawking_s_Universe
1259,http://goodreads.com/book/show/26195941-the-age-of-surveillance-capitalism
1260,http://goodreads.com/book/show/42118411-mind-in-motion
1261,http://goodreads.com/book/show/23878688-the-5-love-languages
1262,http://goodreads.com/book/show/811596.The_Secret_Life_of_Trees
1263,http://goodreads.com/book/show/41150417-the-nocturnal-brain
1264,http://goodreads.com/book/show/38813233-the-poison-squad
1265,http://goodreads.com/book/show/35187180-the-death-and-life-of-the-great-lakes
1266,http://goodreads.com/book/show/13689317-what-is-life
1267,http://goodreads.com/book/show/41998128-architects-of-intelligence
1268,http://goodreads.com/book/show/41717507-the-big-nine
1269,http://goodreads.com/book/show/27040541-beyond-biocentrism
1270,http://goodreads.com/book/show/17237217-social
1271,http://goodreads.com/book/show/41104130-ten-drugs
1272,http://goodreads.com/book/show/1633.Getting_Things_Done
1273,http://goodreads.com/book/show/46226357-buzz-sting-bite
1274,http://goodreads.com/book/show/64555.Taking_the_Quantum_Leap
1275,http://goodreads.com/book/show/25902625-redefining-reality
1276,http://goodreads.com/book/show/41571759-conscious
1277,http://goodreads.com/book/show/40642341-europe
1278,http://goodreads.com/book/show/28110118-seven-skeletons
1279,http://goodreads.com/book/show/13259821-an-epidemic-of-absence
1280,http://goodreads.com/book/show/35259598-the-consciousness-instinct
1281,http://goodreads.com/book/show/36205015-the-space-barons
1282,http://goodreads.com/book/show/28815328-the-crash-detectives
1283,http://goodreads.com/book/show/37534452-the-circadian-code
1284,http://goodreads.com/book/show/41568646-het-bestverkochte-boek-ooit-met-deze-titel
1285,http://goodreads.com/book/show/37860033-the-demon-in-the-machine
1286,http://goodreads.com/book/show/36701550-underground
1287,http://goodreads.com/book/show/35535406-beyond-weird
1288,http://goodreads.com/book/show/2288031.Where_the_Wild_Things_Were
1289,http://goodreads.com/author/show/14847937.Seth_Stephens_Davidowitz
1290,http://goodreads.com/author/show/19435939.Brian_Deer
